<configuration>
    <include resource="org/springframework/boot/logging/logback/defaults.xml" />

    <!-- Console Appender with Color Support -->
    <appender name="CONSOLE" class="ch.qos.logback.core.ConsoleAppender">
        <encoder>
            <pattern>
                %highlight(%d{HH:mm} [%thread] %-5level %logger{36} - %msg%n)
            </pattern>
        </encoder>
    </appender>

    <!-- Rolling File Appender -->
    <appender name="ROLLING_FILE" class="ch.qos.logback.core.rolling.RollingFileAppender">
        <file>logs/turktraktor.log</file>
        <rollingPolicy class="ch.qos.logback.core.rolling.TimeBasedRollingPolicy">
            <fileNamePattern>logs/turktraktor.%d{yyyy-MM-dd}.log</fileNamePattern>
            <maxHistory>30</maxHistory>
        </rollingPolicy>
        <encoder>
            <pattern>%d{HH:mm} [%thread] %-5level %logger{36} - %msg%n</pattern>
        </encoder>
    </appender>

    <!-- Root Logger Configuration -->
    <root level="DEBUG">
        <appender-ref ref="CONSOLE" />
        <appender-ref ref="ROLLING_FILE" />
    </root>
</configuration>
